{"mode": "train", "epoch": 1, "iter": 1, "lr": [0.001], "time": 5.24692, "data_time": 0.06631, "memory": 1083, "rpn_cls_loss": 0.68674, "rpn_reg_loss": 0.00837, "cls_loss": 3.02404, "reg_loss": 0.03746, "loss": 3.7566}
{"mode": "train", "epoch": 1, "iter": 2, "lr": [0.001], "time": 0.20652, "data_time": 0.07095, "memory": 1484, "rpn_cls_loss": 0.69263, "rpn_reg_loss": 0.00836, "cls_loss": 3.03227, "reg_loss": 0.01957, "loss": 3.75284}
{"mode": "train", "epoch": 1, "iter": 3, "lr": [0.001], "time": 0.18508, "data_time": 0.05949, "memory": 1484, "rpn_cls_loss": 0.68815, "rpn_reg_loss": 0.01537, "cls_loss": 2.9756, "reg_loss": 0.02438, "loss": 3.7035}
{"mode": "train", "epoch": 1, "iter": 4, "lr": [0.001], "time": 0.18912, "data_time": 0.05925, "memory": 1484, "rpn_cls_loss": 0.68868, "rpn_reg_loss": 0.03773, "cls_loss": 2.99882, "reg_loss": 0.0575, "loss": 3.78274}
{"mode": "train", "epoch": 1, "iter": 5, "lr": [0.001], "time": 0.18665, "data_time": 0.05636, "memory": 1484, "rpn_cls_loss": 0.68847, "rpn_reg_loss": 0.0035, "cls_loss": 2.99133, "reg_loss": 0.01928, "loss": 3.70258}
{"mode": "train", "epoch": 1, "iter": 6, "lr": [0.001], "time": 0.17625, "data_time": 0.05549, "memory": 1484, "rpn_cls_loss": 0.69109, "rpn_reg_loss": 0.01596, "cls_loss": 2.9356, "reg_loss": 0.03039, "loss": 3.67305}
{"mode": "train", "epoch": 1, "iter": 7, "lr": [0.001], "time": 0.18394, "data_time": 0.06308, "memory": 1484, "rpn_cls_loss": 0.68928, "rpn_reg_loss": 0.02007, "cls_loss": 2.93395, "reg_loss": 0.0321, "loss": 3.67539}
{"mode": "train", "epoch": 1, "iter": 8, "lr": [0.001], "time": 0.17826, "data_time": 0.05626, "memory": 1484, "rpn_cls_loss": 0.68589, "rpn_reg_loss": 0.00769, "cls_loss": 2.90154, "reg_loss": 0.05393, "loss": 3.64904}
{"mode": "train", "epoch": 1, "iter": 9, "lr": [0.001], "time": 0.19028, "data_time": 0.05653, "memory": 1484, "rpn_cls_loss": 0.68503, "rpn_reg_loss": 0.0199, "cls_loss": 2.89631, "reg_loss": 0.03566, "loss": 3.63691}
{"mode": "train", "epoch": 1, "iter": 10, "lr": [0.001], "time": 0.1917, "data_time": 0.05816, "memory": 1484, "rpn_cls_loss": 0.68082, "rpn_reg_loss": 0.02413, "cls_loss": 2.88694, "reg_loss": 0.03555, "loss": 3.62745}
{"mode": "train", "epoch": 1, "iter": 11, "lr": [0.001], "time": 0.19148, "data_time": 0.06195, "memory": 1484, "rpn_cls_loss": 0.68203, "rpn_reg_loss": 0.03113, "cls_loss": 2.88891, "reg_loss": 0.03937, "loss": 3.64143}
{"mode": "train", "epoch": 1, "iter": 12, "lr": [0.001], "time": 0.18973, "data_time": 0.05785, "memory": 1484, "rpn_cls_loss": 0.68892, "rpn_reg_loss": 0.00753, "cls_loss": 2.81103, "reg_loss": 0.02348, "loss": 3.53096}
{"mode": "train", "epoch": 1, "iter": 13, "lr": [0.001], "time": 0.24828, "data_time": 0.08363, "memory": 1484, "rpn_cls_loss": 0.68366, "rpn_reg_loss": 0.03, "cls_loss": 2.83575, "reg_loss": 0.02807, "loss": 3.57748}
{"mode": "train", "epoch": 1, "iter": 14, "lr": [0.001], "time": 0.21524, "data_time": 0.07243, "memory": 1485, "rpn_cls_loss": 0.68562, "rpn_reg_loss": 0.03107, "cls_loss": 2.67322, "reg_loss": 0.03557, "loss": 3.42548}
{"mode": "train", "epoch": 1, "iter": 15, "lr": [0.001], "time": 0.2072, "data_time": 0.05887, "memory": 1485, "rpn_cls_loss": 0.68931, "rpn_reg_loss": 0.02572, "cls_loss": 2.74644, "reg_loss": 0.03189, "loss": 3.49336}
{"mode": "train", "epoch": 1, "iter": 16, "lr": [0.001], "time": 0.23732, "data_time": 0.0798, "memory": 1485, "rpn_cls_loss": 0.68483, "rpn_reg_loss": 0.01716, "cls_loss": 2.80326, "reg_loss": 0.03143, "loss": 3.53668}
{"mode": "train", "epoch": 1, "iter": 17, "lr": [0.001], "time": 0.22023, "data_time": 0.0782, "memory": 1485, "rpn_cls_loss": 0.68668, "rpn_reg_loss": 0.06627, "cls_loss": 2.76072, "reg_loss": 0.04146, "loss": 3.55513}
{"mode": "train", "epoch": 1, "iter": 18, "lr": [0.001], "time": 0.22548, "data_time": 0.06704, "memory": 1485, "rpn_cls_loss": 0.6968, "rpn_reg_loss": 0.00415, "cls_loss": 2.76685, "reg_loss": 0.02855, "loss": 3.49635}
{"mode": "train", "epoch": 1, "iter": 19, "lr": [0.001], "time": 0.19496, "data_time": 0.05773, "memory": 1485, "rpn_cls_loss": 0.68314, "rpn_reg_loss": 0.0085, "cls_loss": 2.78803, "reg_loss": 0.02833, "loss": 3.508}
{"mode": "train", "epoch": 1, "iter": 20, "lr": [0.001], "time": 0.20234, "data_time": 0.0609, "memory": 1485, "rpn_cls_loss": 0.68537, "rpn_reg_loss": 0.00557, "cls_loss": 2.66561, "reg_loss": 0.01435, "loss": 3.3709}
{"mode": "train", "epoch": 1, "iter": 21, "lr": [0.001], "time": 0.26865, "data_time": 0.09584, "memory": 1485, "rpn_cls_loss": 0.68149, "rpn_reg_loss": 0.01038, "cls_loss": 2.63718, "reg_loss": 0.0149, "loss": 3.34395}
{"mode": "train", "epoch": 1, "iter": 22, "lr": [0.001], "time": 0.20268, "data_time": 0.06978, "memory": 1485, "rpn_cls_loss": 0.69346, "rpn_reg_loss": 0.0097, "cls_loss": 2.69191, "reg_loss": 0.02447, "loss": 3.41954}
{"mode": "train", "epoch": 1, "iter": 23, "lr": [0.001], "time": 0.24358, "data_time": 0.06579, "memory": 1485, "rpn_cls_loss": 0.67853, "rpn_reg_loss": 0.0216, "cls_loss": 2.51477, "reg_loss": 0.02728, "loss": 3.24218}
{"mode": "train", "epoch": 1, "iter": 24, "lr": [0.001], "time": 0.215, "data_time": 0.08028, "memory": 1485, "rpn_cls_loss": 0.68842, "rpn_reg_loss": 0.02939, "cls_loss": 2.59112, "reg_loss": 0.032, "loss": 3.34093}
{"mode": "train", "epoch": 1, "iter": 25, "lr": [0.001], "time": 0.17961, "data_time": 0.05751, "memory": 1485, "rpn_cls_loss": 0.67396, "rpn_reg_loss": 0.01516, "cls_loss": 2.58682, "reg_loss": 0.02645, "loss": 3.30239}
{"mode": "train", "epoch": 1, "iter": 26, "lr": [0.001], "time": 0.1782, "data_time": 0.05338, "memory": 1485, "rpn_cls_loss": 0.67875, "rpn_reg_loss": 0.01673, "cls_loss": 2.51712, "reg_loss": 0.02699, "loss": 3.23959}
{"mode": "train", "epoch": 1, "iter": 27, "lr": [0.001], "time": 0.17966, "data_time": 0.05678, "memory": 1485, "rpn_cls_loss": 0.67955, "rpn_reg_loss": 0.01304, "cls_loss": 2.51695, "reg_loss": 0.0278, "loss": 3.23734}
